2024-05-04 00:15,100
2024-05-04 00:30,100
2024-05-04 00:45,100
2024-05-04 01:00,100
2024-05-04 01:15,100
2024-05-04 01:30,100
2024-05-04 01:45,100
2024-05-04 02:00,100
2024-05-04 02:15,100
2024-05-04 02:30,100
2024-05-04 02:45,100
2024-05-04 03:00,100
2024-05-04 03:15,100
2024-05-04 03:30,100
2024-05-04 03:45,100
2024-05-04 04:00,100
2024-05-04 04:15,100
2024-05-04 04:30,100
2024-05-04 04:45,100
2024-05-04 05:00,100
2024-05-04 05:15,100
2024-05-04 05:30,100
2024-05-04 05:45,100
2024-05-04 06:00,100
2024-05-04 06:15,100
2024-05-04 06:30,100
2024-05-04 06:45,100
2024-05-04 07:00,100
2024-05-04 07:15,100
2024-05-04 07:30,100
2024-05-04 07:45,100
2024-05-04 08:00,100
2024-05-04 08:15,100
2024-05-04 08:30,100
2024-05-04 08:45,100
2024-05-04 09:00,100
2024-05-04 09:15,100
2024-05-04 09:30,100
2024-05-04 09:45,100
2024-05-04 10:00,100
2024-05-04 10:15,100
2024-05-04 10:30,100
2024-05-04 10:45,100
2024-05-04 11:00,100
2024-05-04 11:15,100
2024-05-04 11:30,100
2024-05-04 11:45,100
2024-05-04 12:00,100
2024-05-04 12:15,100
2024-05-04 12:30,100
2024-05-04 12:45,100
2024-05-04 13:00,100
2024-05-04 13:15,100
2024-05-04 13:30,100
2024-05-04 13:45,100
2024-05-04 14:00,100
2024-05-04 14:15,100
2024-05-04 14:30,100
2024-05-04 14:45,101
2024-05-04 15:00,101
2024-05-04 15:15,101
2024-05-04 15:30,101
2024-05-04 15:45,101
2024-05-04 16:00,101
2024-05-04 16:15,101
2024-05-04 16:30,102
2024-05-04 16:45,102
2024-05-04 17:00,102
2024-05-04 17:15,102
2024-05-04 17:30,103
2024-05-04 17:45,103
2024-05-04 18:00,103
2024-05-04 18:15,103
2024-05-04 18:30,103
2024-05-04 18:45,103
2024-05-04 19:00,103
2024-05-04 19:15,104
2024-05-04 19:30,104
2024-05-04 19:45,104
2024-05-04 20:00,104
2024-05-04 20:15,104
2024-05-04 20:30,104
2024-05-04 20:45,104
2024-05-04 21:00,104
2024-05-04 21:15,104
2024-05-04 21:30,105
2024-05-04 21:45,105
2024-05-04 22:00,105
2024-05-04 22:15,105
2024-05-04 22:30,105
2024-05-04 22:45,105
2024-05-04 23:00,106
2024-05-04 23:15,106
2024-05-04 23:30,106
2024-05-04 23:45,106
2024-05-05 00:00,106
2024-05-05 00:15,106
2024-05-05 00:30,106
2024-05-05 00:45,106
2024-05-05 01:00,106
2024-05-05 01:15,106
2024-05-05 01:30,106
2024-05-05 01:45,106
2024-05-05 02:00,107
2024-05-05 02:15,107
2024-05-05 02:30,107
2024-05-05 02:45,107
2024-05-05 03:00,107
2024-05-05 03:15,107
2024-05-05 03:30,107
2024-05-05 03:45,107
2024-05-05 04:00,107
2024-05-05 04:15,107
2024-05-05 04:30,107
2024-05-05 04:45,107
2024-05-05 05:00,107
2024-05-05 05:15,107
2024-05-05 05:30,107
2024-05-05 05:45,107
2024-05-05 06:00,107
2024-05-05 06:15,106
2024-05-05 06:30,106
2024-05-05 06:45,106
2024-05-05 07:00,106
2024-05-05 07:15,106
2024-05-05 07:30,106
2024-05-05 07:45,106
2024-05-05 08:00,106
2024-05-05 08:15,105
2024-05-05 08:30,105
2024-05-05 08:45,105
2024-05-05 09:00,105
2024-05-05 09:15,105
2024-05-05 09:30,104
2024-05-05 09:45,104
2024-05-05 10:00,104
2024-05-05 10:15,104
2024-05-05 10:30,103
2024-05-05 10:45,103
2024-05-05 11:00,103
2024-05-05 11:15,103
2024-05-05 11:30,103
2024-05-05 11:45,102
2024-05-05 12:00,102
2024-05-05 12:15,102
2024-05-05 12:30,101
2024-05-05 12:45,101
2024-05-05 13:00,101
2024-05-05 13:15,100
2024-05-05 13:30,100
2024-05-05 13:45,100
2024-05-05 14:00,100
2024-05-05 14:15,100
2024-05-05 14:30,100
2024-05-05 14:45,100
2024-05-05 15:00,99
2024-05-05 15:15,99
2024-05-05 15:30,99
2024-05-05 15:45,99
2024-05-05 16:00,99
2024-05-05 16:15,99
2024-05-05 16:30,98
2024-05-05 16:45,98
2024-05-05 17:00,98
2024-05-05 17:15,98
2024-05-05 17:30,98
2024-05-05 17:45,97
2024-05-05 18:00,97
2024-05-05 18:15,97
2024-05-05 18:30,97
2024-05-05 18:45,97
2024-05-05 19:00,97
2024-05-05 19:15,97
2024-05-05 19:30,97
2024-05-05 19:45,97
2024-05-05 20:00,97
2024-05-05 20:15,97
2024-05-05 20:30,97
2024-05-05 20:45,97
2024-05-05 21:00,97
2024-05-05 21:15,97
2024-05-05 21:30,97
2024-05-05 21:45,97
2024-05-05 22:00,97
2024-05-05 22:15,97
2024-05-05 22:30,97
2024-05-05 22:45,97
2024-05-05 23:00,97
2024-05-05 23:15,97
2024-05-05 23:30,97
2024-05-05 23:45,97
2024-05-05 00:00,97
2024-05-06 00:15,97
2024-05-06 00:30,98
2024-05-06 00:45,98
2024-05-06 01:00,98
2024-05-06 01:15,98
2024-05-06 01:30,98
2024-05-06 01:45,99
2024-05-06 02:00,99
2024-05-06 02:15,99
2024-05-06 02:30,99
2024-05-06 02:45,99
2024-05-06 03:00,100
2024-05-06 03:15,100
2024-05-06 03:30,100
2024-05-06 03:45,100
2024-05-06 04:00,101
2024-05-06 04:15,101
2024-05-06 04:30,101
2024-05-06 04:45,101
2024-05-06 05:00,102
2024-05-06 05:15,102
2024-05-06 05:30,102
2024-05-06 05:45,102
2024-05-06 06:00,102
2024-05-06 06:15,102
2024-05-06 06:30,103
2024-05-06 06:45,103
2024-05-06 07:00,103
2024-05-06 07:15,103
2024-05-06 07:30,103
2024-05-06 07:45,103
2024-05-06 08:00,103
2024-05-06 08:15,103
2024-05-06 08:30,103
2024-05-06 08:45,103
2024-05-06 09:00,103
2024-05-06 09:15,103
2024-05-06 09:30,103
2024-05-06 09:45,103
2024-05-06 10:00,103
2024-05-06 10:15,103
2024-05-06 10:30,103
2024-05-06 10:45,103
2024-05-06 11:00,103
2024-05-06 11:15,103
2024-05-06 11:30,103
2024-05-06 11:45,103
2024-05-06 12:00,103
2024-05-06 12:15,102
2024-05-06 12:30,102
2024-05-06 12:45,102
2024-05-06 13:00,102
2024-05-06 13:15,102
2024-05-06 13:30,102
2024-05-06 13:45,102
2024-05-06 14:00,101
2024-05-06 14:15,101
2024-05-06 14:30,100
2024-05-06 14:45,100
2024-05-06 15:00,100
2024-05-06 15:15,100
2024-05-06 15:30,100
2024-05-06 15:45,99
2024-05-06 16:00,99
2024-05-06 16:15,99
2024-05-06 16:30,99
2024-05-06 16:45,99
2024-05-06 17:00,98
2024-05-06 17:15,98
2024-05-06 17:30,98
2024-05-06 17:45,98
2024-05-06 18:00,98
2024-05-06 18:15,97
2024-05-06 18:30,97
2024-05-06 18:45,97
2024-05-06 19:00,96
2024-05-06 19:15,96
2024-05-06 19:30,96
2024-05-06 19:45,96
2024-05-06 20:00,96
2024-05-06 20:15,95
2024-05-06 20:30,95
2024-05-06 20:45,95
2024-05-06 21:00,95
2024-05-06 21:15,95
2024-05-06 21:30,95
2024-05-06 21:45,94
2024-05-06 22:00,94
2024-05-06 22:15,94
2024-05-06 22:30,94
2024-05-06 22:45,94
2024-05-06 23:00,94
2024-05-06 23:15,94
2024-05-06 23:30,94
2024-05-06 23:45,94
2024-05-07 00:00,93
2024-05-07 00:15,93
2024-05-07 00:30,93
2024-05-07 00:45,93
2024-05-07 01:00,93
2024-05-07 01:15,93
2024-05-07 01:30,93
2024-05-07 01:45,93
2024-05-07 02:00,93
2024-05-07 02:15,93
2024-05-07 02:30,93
2024-05-07 02:45,93
2024-05-07 03:00,93
2024-05-07 03:15,93
2024-05-07 03:30,93
2024-05-07 03:45,93
2024-05-07 04:00,94
2024-05-07 04:15,94
2024-05-07 04:30,94
2024-05-07 04:45,94
2024-05-07 05:00,94
2024-05-07 05:15,94
2024-05-07 05:30,94
2024-05-07 05:45,95
2024-05-07 06:00,95
2024-05-07 06:15,95
2024-05-07 06:30,95
2024-05-07 06:45,95
2024-05-07 07:00,96
2024-05-07 07:15,96
2024-05-07 07:30,96
2024-05-07 07:45,96
2024-05-07 08:00,97
2024-05-07 08:15,97
2024-05-07 08:30,97
2024-05-07 08:45,97
2024-05-07 09:00,98
2024-05-07 09:15,98
2024-05-07 09:30,98
2024-05-07 09:45,98
2024-05-07 10:00,98
2024-05-07 10:15,98
2024-05-07 10:30,98
2024-05-07 10:45,98
2024-05-07 11:00,98
2024-05-07 11:15,99
2024-05-07 11:30,99
2024-05-07 11:45,99
2024-05-07 12:00,99
2024-05-07 12:15,99
2024-05-07 12:30,99
2024-05-07 12:45,99
2024-05-07 13:00,99
2024-05-07 13:15,99
2024-05-07 13:30,98
2024-05-07 13:45,98
2024-05-07 14:00,98
2024-05-07 14:15,98
2024-05-07 14:30,98
2024-05-07 14:45,98
2024-05-07 15:00,98
2024-05-07 15:15,98
2024-05-07 15:30,98
2024-05-07 15:45,98
2024-05-07 16:00,98
2024-05-07 16:15,98
2024-05-07 16:30,98
2024-05-07 16:45,98
2024-05-07 17:00,98
2024-05-07 17:15,99
2024-05-07 17:30,99
2024-05-07 17:45,99
2024-05-07 18:00,99
2024-05-07 18:15,99
2024-05-07 18:30,99
2024-05-07 18:45,99
2024-05-07 19:00,99
2024-05-07 19:15,99
2024-05-07 19:30,100
2024-05-07 19:45,100
2024-05-07 20:00,100
2024-05-07 20:15,100
2024-05-07 20:30,100
2024-05-07 20:45,100
2024-05-07 21:00,101
2024-05-07 21:15,101
2024-05-07 21:30,101
2024-05-07 21:45,101
2024-05-07 22:00,101
2024-05-07 22:15,101
2024-05-07 22:30,101
2024-05-07 22:45,102
2024-05-07 23:00,102
2024-05-07 23:15,102
2024-05-07 23:30,102
2024-05-07 23:45,102
2024-05-08 00:00,102
2024-05-08 00:15,102
2024-05-08 00:30,103
2024-05-08 00:45,103
2024-05-08 01:00,103
2024-05-08 01:15,103
2024-05-08 01:30,103
2024-05-08 01:45,104
2024-05-08 02:00,104
2024-05-08 02:15,104
2024-05-08 02:30,105
2024-05-08 02:45,105
2024-05-08 03:00,106
2024-05-08 03:15,106
2024-05-08 03:30,107
2024-05-08 03:45,107
2024-05-08 04:00,108
2024-05-08 04:15,108
2024-05-08 04:30,109
2024-05-08 04:45,110
2024-05-08 05:00,111
2024-05-08 05:15,112
2024-05-08 05:30,113
2024-05-08 05:45,113
2024-05-08 06:00,115
2024-05-08 06:15,115
2024-05-08 06:30,117
2024-05-08 06:45,117
2024-05-08 07:00,118
2024-05-08 07:15,119
2024-05-08 07:30,120
2024-05-08 07:45,121
2024-05-08 08:00,122
2024-05-08 08:15,123
2024-05-08 08:30,123
2024-05-08 08:45,124
2024-05-08 09:00,124
2024-05-08 09:15,125
2024-05-08 09:30,125
2024-05-08 09:45,125
2024-05-08 10:00,126
2024-05-08 10:15,126
2024-05-08 10:30,126
2024-05-08 10:45,126
2024-05-08 11:00,126
2024-05-08 11:15,126
2024-05-08 11:30,126
2024-05-08 11:45,125
2024-05-08 12:00,125
2024-05-08 12:15,125
2024-05-08 12:30,124
2024-05-08 12:45,124
2024-05-08 13:00,124
2024-05-08 13:15,123
2024-05-08 13:30,123
2024-05-08 13:45,122
2024-05-08 14:00,122
2024-05-08 14:15,122
2024-05-08 14:30,121
2024-05-08 14:45,121
2024-05-08 15:00,120
2024-05-08 15:15,120
2024-05-08 15:30,120
2024-05-08 15:45,119
2024-05-08 16:00,119
2024-05-08 16:15,119
2024-05-08 16:30,118
2024-05-08 16:45,118
2024-05-08 17:00,118
2024-05-08 17:15,118
2024-05-08 17:30,117
2024-05-08 17:45,117
2024-05-08 18:00,117
2024-05-08 18:15,117
2024-05-08 18:30,117
2024-05-08 18:45,116
2024-05-08 19:00,116
2024-05-08 19:15,116
2024-05-08 19:30,116
2024-05-08 19:45,116
2024-05-08 20:00,116
2024-05-08 20:15,116
2024-05-08 20:30,116
2024-05-08 20:45,116
2024-05-08 21:00,116
2024-05-08 21:15,116
2024-05-08 21:30,117
2024-05-08 21:45,117
2024-05-08 22:00,117
2024-05-08 22:15,117
2024-05-08 22:30,117
2024-05-08 22:45,117
2024-05-08 23:00,117
2024-05-08 23:15,118
2024-05-08 23:30,118
2024-05-08 23:45,118
2024-05-09 00:00,118
2024-05-09 00:15,118
2024-05-09 00:30,118
2024-05-09 00:45,119
2024-05-09 01:00,119
2024-05-09 01:15,119
2024-05-09 01:30,119
2024-05-09 01:45,119
2024-05-09 02:00,119
2024-05-09 02:15,120
2024-05-09 02:30,120
2024-05-09 02:45,120
2024-05-09 03:00,120
2024-05-09 03:15,120
2024-05-09 03:30,120
2024-05-09 03:45,121
2024-05-09 04:00,121
2024-05-09 04:15,121
2024-05-09 04:30,121
2024-05-09 04:45,121
2024-05-09 05:00,121
2024-05-09 05:15,121
2024-05-09 05:30,121
2024-05-09 05:45,122
2024-05-09 06:00,122
2024-05-09 06:15,122
2024-05-09 06:30,122
2024-05-09 06:45,122
2024-05-09 07:00,122
2024-05-09 07:15,123
2024-05-09 07:30,123
2024-05-09 07:45,123
2024-05-09 08:00,123
2024-05-09 08:15,124
2024-05-09 08:30,124
2024-05-09 08:45,125
2024-05-09 09:00,125
2024-05-09 09:15,125
2024-05-09 09:30,126
2024-05-09 09:45,126
2024-05-09 10:00,127
2024-05-09 10:15,127
2024-05-09 10:30,127
2024-05-09 10:45,128
2024-05-09 11:00,128
2024-05-09 11:15,129
2024-05-09 11:30,129
2024-05-09 11:45,130
2024-05-09 12:00,130
2024-05-09 12:15,130
2024-05-09 12:30,130
2024-05-09 12:45,131
2024-05-09 13:00,131
2024-05-09 13:15,131
2024-05-09 13:30,131
2024-05-09 13:45,131
2024-05-09 14:00,131
2024-05-09 14:15,131
2024-05-09 14:30,131
2024-05-09 14:45,131
2024-05-09 15:00,131
2024-05-09 15:15,131
2024-05-09 15:30,131
2024-05-09 15:45,131
2024-05-09 16:00,131
2024-05-09 16:15,130
2024-05-09 16:30,130
2024-05-09 16:45,130
2024-05-09 17:00,130
2024-05-09 17:15,130
2024-05-09 17:30,129
2024-05-09 17:45,129
2024-05-09 18:00,129
2024-05-09 18:15,129
2024-05-09 18:30,129
2024-05-09 18:45,128
2024-05-09 19:00,128
2024-05-09 19:15,128
2024-05-09 19:30,128
2024-05-09 19:45,128
2024-05-09 20:00,128
2024-05-09 20:15,127
2024-05-09 20:30,127
2024-05-09 20:45,127
2024-05-09 21:00,127
2024-05-09 21:15,127
2024-05-09 21:30,127
2024-05-09 21:45,127
2024-05-09 22:00,127
2024-05-09 22:15,127
2024-05-09 22:30,127
2024-05-09 22:45,127
2024-05-09 23:00,127
2024-05-09 23:15,127
2024-05-09 23:30,127
2024-05-09 23:45,127
2024-05-10 00:00,127
2024-05-10 00:15,127
2024-05-10 00:30,127
2024-05-10 00:45,127
2024-05-10 01:00,127
2024-05-10 01:15,127
2024-05-10 01:30,127
2024-05-10 01:45,127
2024-05-10 02:00,127
2024-05-10 02:15,127
2024-05-10 02:30,127
2024-05-10 02:45,127
2024-05-10 03:00,128
2024-05-10 03:15,128
2024-05-10 03:30,128
2024-05-10 03:45,128
2024-05-10 04:00,128
2024-05-10 04:15,128
2024-05-10 04:30,128
2024-05-10 04:45,128
2024-05-10 05:00,128
2024-05-10 05:15,128
2024-05-10 05:30,129
2024-05-10 05:45,128
2024-05-10 06:00,129
2024-05-10 06:15,129
2024-05-10 06:30,129
2024-05-10 06:45,129
2024-05-10 07:00,129
2024-05-10 07:15,131
2024-05-10 07:30,129
2024-05-10 07:45,129
2024-05-10 08:00,129
2024-05-10 08:15,129
2024-05-10 08:30,129
2024-05-10 08:45,129
2024-05-10 09:00,129
2024-05-10 09:15,129
2024-05-10 09:30,129
2024-05-10 09:45,129
2024-05-10 10:00,129
2024-05-10 10:15,129
2024-05-10 10:30,129
2024-05-10 10:45,128
2024-05-10 11:00,128
2024-05-10 11:15,128
2024-05-10 11:30,128
2024-05-10 11:45,128
2024-05-10 12:00,128
2024-05-10 12:15,127
2024-05-10 12:30,127
2024-05-10 12:45,127
2024-05-10 13:00,127
2024-05-10 13:15,126
2024-05-10 13:30,126
2024-05-10 13:45,126
2024-05-10 14:00,126
2024-05-10 14:15,125
2024-05-10 14:30,125
2024-05-10 14:45,125
2024-05-10 15:00,124
2024-05-10 15:15,124
2024-05-10 15:30,124
2024-05-10 15:45,124
2024-05-10 16:00,123
2024-05-10 16:15,123
2024-05-10 16:30,123
2024-05-10 16:45,123
2024-05-10 17:00,123
2024-05-10 17:15,122
2024-05-10 17:30,122
2024-05-10 17:45,122
2024-05-10 18:00,121
2024-05-10 18:15,121
2024-05-10 18:30,120
2024-05-10 18:45,121
2024-05-10 19:00,120
2024-05-10 19:15,120
2024-05-10 19:30,120
2024-05-10 19:45,120
2024-05-10 20:00,120
2024-05-10 20:15,120
2024-05-10 20:30,119
2024-05-10 20:45,119
2024-05-10 21:00,119
2024-05-10 21:15,119
2024-05-10 21:30,119
2024-05-10 21:45,119
2024-05-10 22:00,118
2024-05-10 22:15,118
2024-05-10 22:30,118
2024-05-10 22:45,118
2024-05-10 23:00,118
2024-05-10 23:15,118
2024-05-10 23:30,118
2024-05-10 23:45,118
2024-05-11 00:00,118
2024-05-11 00:15,117
2024-05-11 00:30,117
2024-05-11 00:45,117
2024-05-11 01:00,117
2024-05-11 01:15,117
2024-05-11 01:30,117
2024-05-11 01:45,117
2024-05-11 02:00,117
2024-05-11 02:15,117
2024-05-11 02:30,117
2024-05-11 02:45,117
2024-05-11 03:00,116
2024-05-11 03:15,116
2024-05-11 03:30,116
2024-05-11 03:45,116
2024-05-11 04:00,116
2024-05-11 04:15,116
2024-05-11 04:30,116
2024-05-11 04:45,116
2024-05-11 05:00,116
2024-05-11 05:15,116
2024-05-11 05:30,116
2024-05-11 05:45,116
2024-05-11 06:00,116
2024-05-11 06:15,116
2024-05-11 06:30,116
2024-05-11 06:45,116
2024-05-11 07:00,116
2024-05-11 07:15,116
2024-05-11 07:30,116
2024-05-11 07:45,116
2024-05-11 08:00,116
2024-05-11 08:15,116
2024-05-11 08:30,116
2024-05-11 08:45,116
2024-05-11 09:00,116
2024-05-11 09:15,116
2024-05-11 09:30,116
2024-05-11 09:45,116
2024-05-11 10:00,116
2024-05-11 10:15,116
2024-05-11 10:30,116
2024-05-11 10:45,116
2024-05-11 11:00,116
2024-05-11 11:15,116
2024-05-11 11:30,115
2024-05-11 11:45,115
2024-05-11 12:00,115
2024-05-11 12:15,114
2024-05-11 12:30,115
2024-05-11 12:45,115
2024-05-11 13:00,115
2024-05-11 13:15,115
2024-05-11 13:30,115
2024-05-11 13:45,115
2024-05-11 14:00,115
2024-05-11 14:15,114
2024-05-11 14:30,114
2024-05-11 14:45,114
2024-05-11 15:00,114
2024-05-11 15:15,114
2024-05-11 15:30,114
2024-05-11 15:45,113
2024-05-11 16:00,113
2024-05-11 16:15,113
2024-05-11 16:30,113
2024-05-11 16:45,112
2024-05-11 17:00,112
2024-05-11 17:15,112
2024-05-11 17:30,112
2024-05-11 17:45,112
2024-05-11 18:00,111
2024-05-11 18:15,111
2024-05-11 18:30,111
2024-05-11 18:45,110
2024-05-11 19:00,110
2024-05-11 19:15,110
2024-05-11 19:30,110
2024-05-11 19:45,110
2024-05-11 20:00,109
2024-05-11 20:15,109
2024-05-11 20:30,109
2024-05-11 20:45,109
2024-05-11 21:00,109
2024-05-11 21:15,108
2024-05-11 21:30,108
2024-05-11 21:45,108
2024-05-11 22:00,108
2024-05-11 22:15,108
2024-05-11 22:30,108
2024-05-11 22:45,107
2024-05-11 23:00,107
2024-05-11 23:15,107
2024-05-11 23:30,107
2024-05-11 23:45,107
2024-05-12 00:00,107
2024-05-12 00:15,107
2024-05-12 00:30,107
2024-05-12 00:45,106
2024-05-12 01:00,106
2024-05-12 01:15,106
2024-05-12 01:30,106
2024-05-12 01:45,106
2024-05-12 02:00,106
2024-05-12 02:15,106
2024-05-12 02:30,106
2024-05-12 02:45,106
2024-05-12 03:00,106
2024-05-12 03:15,106
2024-05-12 03:30,106
2024-05-12 03:45,106
2024-05-12 04:00,106
2024-05-12 04:15,106
2024-05-12 04:30,106
2024-05-12 04:45,106
2024-05-12 05:00,106
2024-05-12 05:15,105
2024-05-12 05:30,105
2024-05-12 05:45,105
2024-05-12 06:00,105
2024-05-12 06:15,105
2024-05-12 06:30,105
2024-05-12 06:45,105
2024-05-12 07:00,105
2024-05-12 07:15,105
2024-05-12 07:30,105
2024-05-12 07:45,105
2024-05-12 08:00,105
2024-05-12 08:15,105
2024-05-12 08:30,105
2024-05-12 08:45,105
2024-05-12 09:00,105
2024-05-12 09:15,105
2024-05-12 09:30,105
2024-05-12 09:45,105
2024-05-12 10:00,105
2024-05-12 10:15,105
2024-05-12 10:30,105
2024-05-12 10:45,105
2024-05-12 11:00,105
2024-05-12 11:15,105
2024-05-12 11:30,105
2024-05-12 11:45,105
2024-05-12 12:00,105
2024-05-12 12:15,105
2024-05-12 12:30,105
2024-05-12 12:45,104
2024-05-12 13:00,104
2024-05-12 13:15,104
2024-05-12 13:30,104
2024-05-12 13:45,104
2024-05-12 14:00,104
2024-05-12 14:15,104
2024-05-12 14:30,104
2024-05-12 14:45,104
2024-05-12 15:00,104
2024-05-12 15:15,104
2024-05-12 15:30,104
2024-05-12 15:45,104
2024-05-12 16:00,104
2024-05-12 16:15,104
2024-05-12 16:30,104
2024-05-12 16:45,103
2024-05-12 17:00,103
2024-05-12 17:15,103
2024-05-12 17:30,103
2024-05-12 17:45,103
2024-05-12 18:00,103
2024-05-12 18:15,102
2024-05-12 18:30,103
2024-05-12 18:45,103
2024-05-12 19:00,103
2024-05-12 19:15,103
2024-05-12 19:30,102
2024-05-12 19:45,102
2024-05-12 20:00,102
2024-05-12 20:15,102
2024-05-12 20:30,102
2024-05-12 20:45,102
2024-05-12 21:00,103
2024-05-12 21:15,102
2024-05-12 21:30,102
2024-05-12 21:45,102
2024-05-12 22:00,102
2024-05-12 22:15,102
2024-05-12 22:30,102
2024-05-12 22:45,102
2024-05-12 23:00,103
2024-05-12 23:15,103
2024-05-12 23:30,102
2024-05-12 23:45,102
2024-05-13 00:00,103
2024-05-14 00:15,98
2024-05-14 00:30,98
2024-05-14 00:45,98
2024-05-14 01:00,98
2024-05-14 01:15,98
2024-05-14 01:30,98
2024-05-14 01:45,98
2024-05-14 02:00,98
2024-05-14 02:15,98
2024-05-14 02:30,98
2024-05-14 02:45,98
2024-05-14 03:00,98
2024-05-14 03:15,98
2024-05-14 03:30,98
2024-05-14 03:45,98
2024-05-14 04:00,98
2024-05-14 04:15,98
2024-05-14 04:30,98
2024-05-14 04:45,98
2024-05-14 05:00,98
2024-05-14 05:15,98
2024-05-14 05:30,98
2024-05-14 05:45,98
2024-05-14 06:00,98
2024-05-14 06:15,98
2024-05-14 06:30,98
2024-05-14 06:45,98
2024-05-14 07:00,98
2024-05-14 07:15,98
2024-05-14 07:30,98
2024-05-14 07:45,98
2024-05-14 08:00,98
2024-05-14 08:15,98
2024-05-14 08:30,98
2024-05-14 08:45,98
2024-05-14 09:00,98
2024-05-14 09:15,98
2024-05-14 09:30,98
2024-05-14 09:45,98
2024-05-14 10:00,98
2024-05-14 10:15,98
2024-05-14 10:30,98
2024-05-14 10:45,98
2024-05-14 11:00,98
2024-05-14 11:15,98
2024-05-14 11:30,98
2024-05-14 11:45,98
2024-05-14 12:00,98
2024-05-14 12:15,98
2024-05-14 12:30,98
2024-05-14 12:45,98
2024-05-14 13:00,98
2024-05-14 13:15,98
2024-05-14 13:30,98
2024-05-14 13:45,98
2024-05-14 14:00,98
2024-05-14 14:15,98
2024-05-14 14:30,98
2024-05-14 14:45,98
2024-05-14 15:00,98
2024-05-14 15:15,98
2024-05-14 15:30,98
2024-05-14 15:45,98
2024-05-14 16:00,98
2024-05-14 16:15,98
2024-05-14 16:30,98
2024-05-14 16:45,98
2024-05-14 17:00,98
2024-05-14 17:15,98
2024-05-14 17:30,98
2024-05-14 17:45,98
2024-05-14 18:00,98
2024-05-14 18:15,97
2024-05-14 18:30,97
2024-05-14 18:45,97
2024-05-14 19:00,97
2024-05-14 19:15,97
2024-05-14 19:30,97
2024-05-14 19:45,97
2024-05-14 20:00,97
2024-05-14 20:15,97
2024-05-14 20:30,97
2024-05-14 20:45,97
2024-05-14 21:00,97
2024-05-14 21:15,97
2024-05-14 21:30,97
2024-05-14 21:45,97
2024-05-14 22:00,97
2024-05-14 22:15,97
2024-05-14 22:30,97
2024-05-14 22:45,97
2024-05-14 23:00,97
2024-05-14 23:15,97
2024-05-14 23:30,97
2024-05-14 23:45,97
2024-05-15 00:00,97
2024-05-15 00:15,97
2024-05-15 00:30,97
2024-05-15 00:45,97
2024-05-15 01:00,97
2024-05-15 01:15,97
2024-05-15 01:30,97
2024-05-15 01:45,97
2024-05-15 02:00,97
2024-05-15 02:15,97
2024-05-15 02:30,97
2024-05-15 02:45,98
2024-05-15 03:00,98
2024-05-15 03:15,98
2024-05-15 03:30,98
2024-05-15 03:45,98
2024-05-15 04:00,98
2024-05-15 04:15,98
2024-05-15 04:30,98
2024-05-15 04:45,98
2024-05-15 05:00,98
2024-05-15 05:15,98
2024-05-15 05:30,98
2024-05-15 05:45,98
2024-05-15 06:00,98
2024-05-15 06:15,98
2024-05-15 06:30,98
2024-05-15 06:45,98
2024-05-15 07:00,98
2024-05-15 07:15,98
2024-05-15 07:30,98
2024-05-15 07:45,98
2024-05-15 08:00,98
2024-05-15 08:15,98
2024-05-15 08:30,98
2024-05-15 08:45,98
2024-05-15 09:00,98
2024-05-15 09:15,98
2024-05-15 09:30,98
2024-05-15 09:45,98
2024-05-15 10:00,98
2024-05-15 10:15,98
2024-05-15 10:30,98
2024-05-15 10:45,98
2024-05-15 11:00,98
2024-05-15 11:15,98
2024-05-15 11:30,98
2024-05-15 11:45,98
2024-05-15 12:00,98
2024-05-15 12:15,98
2024-05-15 12:30,98
2024-05-15 12:45,98
2024-05-15 13:00,98
2024-05-15 13:15,98
2024-05-15 13:30,98
2024-05-15 13:45,98
2024-05-15 14:00,98
2024-05-15 14:15,98
2024-05-15 14:30,98
2024-05-15 14:45,98
2024-05-15 15:00,98
2024-05-15 15:15,98
2024-05-15 15:30,98
2024-05-15 15:45,98
2024-05-15 16:00,98
2024-05-15 16:15,98
2024-05-15 16:30,98
2024-05-15 16:45,98
2024-05-15 17:00,98
2024-05-15 17:15,98
2024-05-15 17:30,98
2024-05-15 17:45,98
2024-05-15 18:00,98
2024-05-15 18:15,98
2024-05-15 18:30,98
2024-05-15 18:45,98
2024-05-15 19:00,98
2024-05-15 19:15,98
2024-05-15 19:30,98
2024-05-15 19:45,98
2024-05-15 20:00,98
2024-05-15 20:15,98
2024-05-15 20:30,98
2024-05-15 20:45,98
2024-05-15 21:00,98
2024-05-15 21:15,98
2024-05-15 21:30,98
2024-05-15 21:45,98
2024-05-15 22:00,98
2024-05-15 22:15,98
2024-05-15 22:30,98
2024-05-15 22:45,98
2024-05-15 23:00,98
2024-05-15 23:15,98
2024-05-15 23:30,98
2024-05-15 23:45,98
2024-05-16 00:00,98
2024-05-16 00:15,98
2024-05-16 00:30,98
2024-05-16 00:45,98
2024-05-16 01:00,98
2024-05-16 01:15,98
2024-05-16 01:30,98
2024-05-16 01:45,98
2024-05-16 02:00,98
2024-05-16 02:15,98
2024-05-16 02:30,98
2024-05-16 02:45,98
2024-05-16 03:00,98
2024-05-16 03:15,98
2024-05-16 03:30,98
2024-05-16 03:45,98
2024-05-16 04:00,98
2024-05-16 04:15,98
2024-05-16 04:30,98
2024-05-16 04:45,98
2024-05-16 05:00,98
2024-05-16 05:15,98
2024-05-16 05:30,98
2024-05-16 05:45,98
2024-05-16 06:00,98
2024-05-16 06:15,98
2024-05-16 06:30,98
2024-05-16 06:45,98
2024-05-16 07:00,98
2024-05-16 07:15,98
2024-05-16 07:30,98
2024-05-16 07:45,98
2024-05-16 08:00,98
2024-05-16 08:15,98
2024-05-16 08:30,98
2024-05-16 08:45,98
2024-05-16 09:00,98
2024-05-16 09:15,98
2024-05-16 09:30,98
2024-05-16 09:45,98
2024-05-16 10:00,98
2024-05-16 10:15,98
2024-05-16 10:30,98
2024-05-16 10:45,98
2024-05-16 11:00,98
2024-05-16 11:15,98
2024-05-16 11:30,98
2024-05-16 11:45,98
2024-05-16 12:00,98
2024-05-16 12:15,98
2024-05-16 12:30,98
2024-05-16 12:45,98
2024-05-16 13:00,98
2024-05-16 13:15,98
2024-05-16 13:30,98
2024-05-16 13:45,97
2024-05-16 14:00,97
2024-05-16 14:15,97
2024-05-16 14:30,97
2024-05-16 14:45,97
2024-05-16 15:00,97
2024-05-16 15:15,97
2024-05-16 15:30,97
2024-05-16 15:45,96
2024-05-16 16:00,96
2024-05-16 16:15,96
2024-05-16 16:30,96
2024-05-16 16:45,96
2024-05-16 17:00,96
2024-05-16 17:15,96
2024-05-16 17:30,96
2024-05-16 17:45,95
2024-05-16 18:00,95
2024-05-16 18:15,95
2024-05-16 18:30,95
2024-05-16 18:45,95
2024-05-16 19:00,94
2024-05-16 19:15,94
2024-05-16 19:30,94
2024-05-16 19:45,94
2024-05-16 20:00,94
2024-05-16 20:15,94
2024-05-16 20:30,94
2024-05-16 20:45,94
2024-05-16 21:00,94
2024-05-16 21:15,94
2024-05-16 21:30,94
2024-05-16 21:45,94
2024-05-16 22:00,94
2024-05-16 22:15,93
2024-05-16 22:30,93
2024-05-16 22:45,93
2024-05-16 23:00,93
2024-05-16 23:15,93
2024-05-16 23:30,93
2024-05-16 23:45,93
2024-05-17 00:00,93
2024-05-17 00:15,93
2024-05-17 00:30,93
2024-05-17 00:45,93
2024-05-17 01:00,93
2024-05-17 01:15,93
2024-05-17 01:30,93
2024-05-17 01:45,93
2024-05-17 02:00,94
2024-05-17 02:15,94
2024-05-17 02:30,94
2024-05-17 02:45,94
2024-05-17 03:00,94
2024-05-17 03:15,94
2024-05-17 03:30,94
2024-05-17 03:45,94
2024-05-17 04:00,95
2024-05-17 04:15,95
2024-05-17 04:30,95
2024-05-17 04:45,95
2024-05-17 05:00,95
2024-05-17 05:15,96
2024-05-17 05:30,96
2024-05-17 05:45,96
2024-05-17 06:00,96
2024-05-17 06:15,97
2024-05-17 06:30,97
2024-05-17 06:45,97
2024-05-17 07:00,97
2024-05-17 07:15,97
2024-05-17 07:30,98
2024-05-17 07:45,98
2024-05-17 08:00,98
2024-05-17 08:15,98
2024-05-17 08:30,98
2024-05-17 08:45,98
2024-05-17 09:00,98
2024-05-17 09:15,98
2024-05-17 09:30,98
2024-05-17 09:45,98
2024-05-17 10:00,98
2024-05-17 10:15,98
2024-05-17 10:30,98
2024-05-17 10:45,98
2024-05-17 11:00,97
2024-05-17 11:15,97
2024-05-17 11:30,97
2024-05-17 11:45,97
2024-05-17 12:00,96
2024-05-17 12:15,96
2024-05-17 12:30,96
2024-05-17 12:45,96
2024-05-17 13:00,95
2024-05-17 13:15,95
2024-05-17 13:30,94
2024-05-17 13:45,94
2024-05-17 14:00,94
2024-05-17 14:15,93
2024-05-17 14:30,93
2024-05-17 14:45,92
2024-05-17 15:00,92
2024-05-17 15:15,92
2024-05-17 15:30,91
2024-05-17 15:45,91
2024-05-17 16:00,91
2024-05-17 16:15,90
2024-05-17 16:30,90
2024-05-17 16:45,89
2024-05-17 17:00,89
2024-05-17 17:15,89
2024-05-17 17:30,89
2024-05-17 17:45,88
2024-05-17 18:00,88
2024-05-17 18:15,87
2024-05-17 18:30,87
2024-05-17 18:45,87
2024-05-17 19:00,87
2024-05-17 19:15,86
2024-05-17 19:30,86
2024-05-17 19:45,86
2024-05-17 20:00,86
2024-05-17 20:15,86
2024-05-17 20:30,85
2024-05-17 20:45,85
2024-05-17 21:00,85
2024-05-17 21:15,85
2024-05-17 21:30,85
2024-05-17 21:45,85
2024-05-17 22:00,84
2024-05-17 22:15,84
2024-05-17 22:30,84
2024-05-17 22:45,84
2024-05-17 23:00,84
2024-05-17 23:15,84
2024-05-17 23:30,83
2024-05-17 23:45,83
2024-05-18 00:00,83
2024-05-18 00:15,83
2024-05-18 00:30,83
2024-05-18 00:45,83
2024-05-18 01:00,83
2024-05-18 01:15,83
2024-05-18 01:30,83
2024-05-18 01:45,83
2024-05-18 02:00,83
2024-05-18 02:15,82
2024-05-18 02:30,82
2024-05-18 02:45,82
2024-05-18 03:00,82
2024-05-18 03:15,82
2024-05-18 03:30,82
2024-05-18 03:45,82
2024-05-18 04:00,82
2024-05-18 04:15,82
2024-05-18 04:30,82
2024-05-18 04:45,82
2024-05-18 05:00,82
2024-05-18 05:15,82
2024-05-18 05:30,82
2024-05-18 05:45,82
2024-05-18 06:00,81
2024-05-18 06:15,81
2024-05-18 06:30,81
2024-05-18 06:45,81
2024-05-18 07:00,81
2024-05-18 07:15,81
2024-05-18 07:30,81
2024-05-18 07:45,81
2024-05-18 08:00,81
2024-05-18 08:15,81
2024-05-18 08:30,81
2024-05-18 08:45,81
2024-05-18 09:00,81
2024-05-18 09:15,81
2024-05-18 09:30,81
2024-05-18 09:45,81
2024-05-18 10:00,81
2024-05-18 10:15,80
2024-05-18 10:30,80
2024-05-18 10:45,80
2024-05-18 11:00,80
2024-05-18 11:15,80
2024-05-18 11:30,81
2024-05-18 11:45,81
2024-05-18 12:00,81
2024-05-18 12:15,81
2024-05-18 12:30,81
2024-05-18 12:45,81
2024-05-18 13:00,81
2024-05-18 13:15,81
2024-05-18 13:30,81
2024-05-18 13:45,82
2024-05-18 14:00,82
2024-05-18 14:15,83
2024-05-18 14:30,83
2024-05-18 14:45,84
2024-05-18 15:00,84
2024-05-18 15:15,84
2024-05-18 15:30,85
2024-05-18 15:45,85
2024-05-18 16:00,86
2024-05-18 16:15,87
2024-05-18 16:30,87
2024-05-18 16:45,87
2024-05-18 17:00,88
2024-05-18 17:15,88
2024-05-18 17:30,89
2024-05-18 17:45,89
2024-05-18 18:00,90
2024-05-18 18:15,91
2024-05-18 18:30,91
2024-05-18 18:45,92
2024-05-18 19:00,92
2024-05-18 19:15,93
2024-05-18 19:30,93
2024-05-18 19:45,94
2024-05-18 20:00,95
2024-05-18 20:15,95
2024-05-18 20:30,96
2024-05-18 20:45,96
2024-05-18 21:00,96
2024-05-18 21:15,97
2024-05-18 21:30,97
2024-05-18 21:45,98
2024-05-18 22:00,98
2024-05-18 22:15,98
2024-05-18 22:30,99
2024-05-18 22:45,99
2024-05-18 23:00,99
2024-05-18 23:15,100
2024-05-18 23:30,100
2024-05-18 23:45,100
2024-05-19 00:00,101
2024-05-19 00:15,101
2024-05-19 00:30,101
2024-05-19 00:45,101
2024-05-19 01:00,101
2024-05-19 01:15,101
2024-05-19 01:30,101
2024-05-19 01:45,101
2024-05-19 02:00,102
2024-05-19 02:15,102
2024-05-19 02:30,102
2024-05-19 02:45,102
2024-05-19 03:00,101
2024-05-19 03:15,101
2024-05-19 03:30,101
2024-05-19 03:45,101
2024-05-19 04:00,101
2024-05-19 04:15,101
2024-05-19 04:30,101
2024-05-19 04:45,101
2024-05-19 05:00,101
2024-05-19 05:15,100
2024-05-19 05:30,100
2024-05-19 05:45,100
2024-05-19 06:00,100
2024-05-19 06:15,99
2024-05-19 06:30,99
2024-05-19 06:45,99
2024-05-19 07:00,98
2024-05-19 07:15,98
2024-05-19 07:30,98
2024-05-19 07:45,97
2024-05-19 08:00,97
2024-05-19 08:15,97
2024-05-19 08:30,97
2024-05-19 08:45,96
2024-05-19 09:00,96
2024-05-19 09:15,96
2024-05-19 09:30,95
2024-05-19 09:45,95
2024-05-19 10:00,94
2024-05-19 10:15,94
2024-05-19 10:30,93
2024-05-19 10:45,93
2024-05-19 11:00,93
2024-05-19 11:15,92
2024-05-19 11:30,92
2024-05-19 11:45,92
2024-05-19 12:00,92
2024-05-19 12:15,92
2024-05-19 12:30,91
2024-05-19 12:45,91
2024-05-19 13:00,91
2024-05-19 13:15,90
2024-05-19 13:30,90
2024-05-19 13:45,90
2024-05-19 14:00,89
2024-05-19 14:15,89
2024-05-19 14:30,89
2024-05-19 14:45,89
2024-05-19 15:00,89
2024-05-19 15:15,89
2024-05-19 15:30,89
2024-05-19 15:45,88
2024-05-19 16:00,88
2024-05-19 16:15,88
2024-05-19 16:30,88
2024-05-19 16:45,88
2024-05-19 17:00,88
2024-05-19 17:15,88
2024-05-19 17:30,88
2024-05-19 17:45,88
2024-05-19 18:00,88
2024-05-19 18:15,88
2024-05-19 18:30,88
2024-05-19 18:45,88
2024-05-19 19:00,88
2024-05-19 19:15,88
2024-05-19 19:30,88
2024-05-19 19:45,88
2024-05-19 20:00,88
2024-05-19 20:15,89
2024-05-19 20:30,89
2024-05-19 20:45,90
2024-05-19 21:00,90
2024-05-19 21:15,91
2024-05-19 21:30,91
2024-05-19 21:45,92
2024-05-19 22:00,92
2024-05-19 22:15,93
2024-05-19 22:30,94
2024-05-19 22:45,95
2024-05-19 23:00,95
2024-05-19 23:15,96
2024-05-19 23:30,97
2024-05-19 23:45,97
2024-05-20 00:00,98
2024-05-20 00:15,98
2024-05-20 00:30,99
2024-05-20 00:45,100
2024-05-20 01:00,100
2024-05-20 01:15,101
2024-05-20 01:30,102
2024-05-20 01:45,102
2024-05-20 02:00,103
2024-05-20 02:15,103
2024-05-20 02:30,103
2024-05-20 02:45,104
2024-05-20 03:00,104
2024-05-20 03:15,105
2024-05-20 03:30,105
2024-05-20 03:45,105
2024-05-20 04:00,106
2024-05-20 04:15,106
2024-05-20 04:30,106
2024-05-20 04:45,106
2024-05-20 05:00,106
2024-05-20 05:15,106
2024-05-20 05:30,107
2024-05-20 05:45,107
2024-05-20 06:00,107
2024-05-20 06:15,107
2024-05-20 06:30,107
2024-05-20 06:45,107
2024-05-20 07:00,107
2024-05-20 07:15,107
2024-05-20 07:30,107
2024-05-20 07:45,107
2024-05-20 08:00,107
2024-05-20 08:15,107
2024-05-20 08:30,107
2024-05-20 08:45,107
2024-05-20 09:00,107
2024-05-20 09:15,107
2024-05-20 09:30,107
2024-05-20 09:45,107
2024-05-20 10:00,106
2024-05-20 10:15,106
2024-05-20 10:30,106
2024-05-20 10:45,106
2024-05-20 11:00,106
2024-05-20 11:15,106
2024-05-20 11:30,106
2024-05-20 11:45,105
2024-05-20 12:00,105
2024-05-20 12:15,105
2024-05-20 12:30,105
2024-05-20 12:45,104
2024-05-20 13:00,104
2024-05-20 13:15,104
2024-05-20 13:30,104
2024-05-20 13:45,103
2024-05-20 14:00,103
2024-05-20 14:15,103
2024-05-20 14:30,103
2024-05-20 14:45,103
2024-05-20 15:00,103
2024-05-20 15:15,102
2024-05-20 15:30,102
2024-05-20 15:45,102
2024-05-20 16:00,102
2024-05-20 16:15,102
2024-05-20 16:30,102
2024-05-20 16:45,102
2024-05-20 17:00,102
2024-05-20 17:15,102
2024-05-20 17:30,102
2024-05-20 17:45,102
2024-05-20 18:00,102
2024-05-20 18:15,102
2024-05-20 18:30,102
2024-05-20 18:45,102
2024-05-20 19:00,103
2024-05-20 19:15,103
2024-05-20 19:30,103
2024-05-20 19:45,103
2024-05-20 20:00,103
2024-05-20 20:15,103
2024-05-20 20:30,103
2024-05-20 20:45,104
2024-05-20 21:00,104
2024-05-20 21:15,104
2024-05-20 21:30,105
2024-05-20 21:45,105
2024-05-20 22:00,105
2024-05-20 22:15,105
2024-05-20 22:30,106
2024-05-20 22:45,106
2024-05-20 23:00,106
2024-05-20 23:15,107
2024-05-20 23:30,107
2024-05-20 23:45,107
2024-05-21 00:00,108
2024-05-21 00:15,108
2024-05-21 00:30,108
2024-05-21 00:45,109
2024-05-21 01:00,109
2024-05-21 01:15,109
2024-05-21 01:30,109
2024-05-21 01:45,110
2024-05-21 02:00,110
2024-05-21 02:15,110
2024-05-21 02:30,110
2024-05-21 02:45,110
2024-05-21 03:00,110
2024-05-21 03:15,110
2024-05-21 03:30,110
2024-05-21 03:45,110
2024-05-21 04:00,110
2024-05-21 04:15,110
2024-05-21 04:30,110
2024-05-21 04:45,110
2024-05-21 05:00,110
2024-05-21 05:15,110
2024-05-21 05:30,110
2024-05-21 05:45,110
2024-05-21 06:00,110
2024-05-21 06:15,110
2024-05-21 06:30,110
2024-05-21 06:45,110
2024-05-21 07:00,109
2024-05-21 07:15,109
2024-05-21 07:30,109
2024-05-21 07:45,109
2024-05-21 08:00,108
2024-05-21 08:15,108
2024-05-21 08:30,108
2024-05-21 08:45,108
2024-05-21 09:00,108
2024-05-21 09:15,108
2024-05-21 09:30,108
2024-05-21 09:45,108
2024-05-21 10:00,108
2024-05-21 10:15,108
2024-05-21 10:30,108
2024-05-21 10:45,108
2024-05-21 11:00,108
2024-05-21 11:15,108
2024-05-21 11:30,108
2024-05-21 11:45,108
2024-05-21 12:00,108
2024-05-21 12:15,108
2024-05-21 12:30,108
2024-05-21 12:45,108
2024-05-21 13:00,108
2024-05-21 13:15,108
2024-05-21 13:30,108
2024-05-21 13:45,108
2024-05-21 14:00,108
2024-05-21 14:15,108
2024-05-21 14:30,109
2024-05-21 14:45,109
2024-05-21 15:00,109
2024-05-21 15:15,109
2024-05-21 15:30,109
2024-05-21 15:45,109
2024-05-21 16:00,109
2024-05-21 16:15,109
2024-05-21 16:30,109
2024-05-21 16:45,109
2024-05-21 17:00,109
2024-05-21 17:15,109
2024-05-21 17:30,109
2024-05-21 17:45,109
2024-05-21 18:00,109
2024-05-21 18:15,109
2024-05-21 18:30,109
2024-05-21 18:45,109
2024-05-21 19:00,110
2024-05-21 19:15,110
2024-05-21 19:30,110
2024-05-21 19:45,110
2024-05-21 20:00,110
2024-05-21 20:15,110
2024-05-21 20:30,110
2024-05-21 20:45,110
2024-05-21 21:00,110
2024-05-21 21:15,110
2024-05-21 21:30,110
2024-05-21 21:45,110
2024-05-21 22:00,110
2024-05-21 22:15,110
2024-05-21 22:30,110
2024-05-21 22:45,110
2024-05-21 23:00,110
2024-05-21 23:15,111
2024-05-21 23:30,111
2024-05-21 23:45,111
2024-05-22 00:00,111
2024-05-22 00:15,111
2024-05-22 00:30,111
2024-05-22 00:45,111
2024-05-22 01:00,112
2024-05-22 01:15,112
2024-05-22 01:30,112
2024-05-22 01:45,112
2024-05-22 02:00,112
2024-05-22 02:15,112
2024-05-22 02:30,113
2024-05-22 02:45,113
2024-05-22 03:00,113
2024-05-22 03:15,113
2024-05-22 03:30,113
2024-05-22 03:45,113
2024-05-22 04:00,113
2024-05-22 04:15,113
2024-05-22 04:30,113
2024-05-22 04:45,113
2024-05-22 05:00,113
2024-05-22 05:15,113
2024-05-22 05:30,113
2024-05-22 05:45,113
2024-05-22 06:00,113
2024-05-22 06:15,113
2024-05-22 06:30,113
2024-05-22 06:45,113
2024-05-22 07:00,113
2024-05-22 07:15,113
2024-05-22 07:30,113
2024-05-22 07:45,113
2024-05-22 08:00,113
2024-05-22 08:15,113
2024-05-22 08:30,113
2024-05-22 08:45,113
2024-05-22 09:00,113
2024-05-22 09:15,112
2024-05-22 09:30,112
2024-05-22 09:45,112
2024-05-22 10:00,112
2024-05-22 10:15,112
2024-05-22 10:30,112
2024-05-22 10:45,112
2024-05-22 11:00,111
2024-05-22 11:15,111
2024-05-22 11:30,111
2024-05-22 11:45,111
2024-05-22 12:00,111
2024-05-22 12:15,110
2024-05-22 12:30,110
2024-05-22 12:45,110
2024-05-22 13:00,110
2024-05-22 13:15,110
2024-05-22 13:30,110
2024-05-22 13:45,110
2024-05-22 14:00,109
2024-05-22 14:15,109
2024-05-22 14:30,109
2024-05-22 14:45,109
2024-05-22 15:00,109
2024-05-22 15:15,109
2024-05-22 15:30,109
2024-05-22 15:45,109
2024-05-22 16:00,108
2024-05-22 16:15,108
2024-05-22 16:30,108
2024-05-22 16:45,108
2024-05-22 17:00,108
2024-05-22 17:15,108
2024-05-22 17:30,108
2024-05-22 17:45,108
2024-05-22 18:00,108
2024-05-22 18:15,109
2024-05-22 18:30,109
2024-05-22 18:45,109
2024-05-22 19:00,109
2024-05-22 19:15,109
2024-05-22 19:30,109
2024-05-22 19:45,109
2024-05-22 20:00,110
2024-05-22 20:15,110
2024-05-22 20:30,110
2024-05-22 20:45,110
2024-05-22 21:00,111
2024-05-22 21:15,111
2024-05-22 21:30,111
2024-05-22 21:45,112
2024-05-22 22:00,112
2024-05-22 22:15,112
2024-05-22 22:30,112
2024-05-22 22:45,113
2024-05-22 23:00,113
2024-05-22 23:15,113
2024-05-22 23:30,113
2024-05-22 23:45,113
2024-05-23 00:00,114
2024-05-23 00:15,114
2024-05-23 00:30,114
2024-05-23 00:45,114
2024-05-23 01:00,114
2024-05-23 01:15,114
2024-05-23 01:30,114
2024-05-23 01:45,114
2024-05-23 02:00,114
2024-05-23 02:15,114
2024-05-23 02:30,114
2024-05-23 02:45,114
2024-05-23 03:00,113
2024-05-23 03:15,113
2024-05-23 03:30,113
2024-05-23 03:45,113
2024-05-23 04:00,113
2024-05-23 04:15,113
2024-05-23 04:30,113
2024-05-23 04:45,113
2024-05-23 05:00,113
2024-05-23 05:15,112
2024-05-23 05:30,112
2024-05-23 05:45,112
2024-05-23 06:00,112
2024-05-23 06:15,112
2024-05-23 06:30,112
2024-05-23 06:45,112
2024-05-23 07:00,112
2024-05-23 07:15,112
2024-05-23 07:30,112
2024-05-23 07:45,113
2024-05-23 08:00,113
2024-05-23 08:15,113
2024-05-23 08:30,113
2024-05-23 08:45,113
2024-05-23 09:00,113
2024-05-23 09:15,113
2024-05-23 09:30,113
2024-05-23 09:45,113
2024-05-23 10:00,113
2024-05-23 10:15,113
2024-05-23 10:30,113
2024-05-23 10:45,114
2024-05-23 11:00,114
2024-05-23 11:15,114
2024-05-23 11:30,114
2024-05-23 11:45,114
2024-05-23 12:00,114
2024-05-23 12:15,114
2024-05-23 12:30,114
2024-05-23 12:45,114
2024-05-23 13:00,115
2024-05-23 13:15,115
2024-05-23 13:30,115
2024-05-23 13:45,115
2024-05-23 14:00,115
2024-05-23 14:15,115
2024-05-23 14:30,115
2024-05-23 14:45,116
2024-05-23 15:00,116
2024-05-23 15:15,116
2024-05-23 15:30,116
2024-05-23 15:45,116
2024-05-23 16:00,116
2024-05-23 16:15,116
2024-05-23 16:30,116
2024-05-23 16:45,117
2024-05-23 17:00,117
2024-05-23 17:15,117
2024-05-23 17:30,117
2024-05-23 17:45,117
2024-05-23 18:00,117
2024-05-23 18:15,117
2024-05-23 18:30,117
2024-05-23 18:45,117
2024-05-23 19:00,117
2024-05-23 19:15,117
2024-05-23 19:30,117
2024-05-23 19:45,118
2024-05-23 20:00,118
2024-05-23 20:15,118
2024-05-23 20:30,118
2024-05-23 20:45,118
2024-05-23 21:00,118
2024-05-23 21:15,118
2024-05-23 21:30,118
2024-05-23 21:45,118
2024-05-23 22:00,118
2024-05-23 22:15,118
2024-05-23 22:30,118
2024-05-23 22:45,118
2024-05-23 23:00,118
2024-05-23 23:15,118
2024-05-23 23:30,119
2024-05-23 23:45,119
2024-05-24 00:00,119
2024-05-24 00:15,119
2024-05-24 00:30,119
2024-05-24 00:45,119
2024-05-24 01:00,119
2024-05-24 01:15,119
2024-05-24 01:30,119
2024-05-24 01:45,118
2024-05-24 02:00,118
2024-05-24 02:15,118
2024-05-24 02:30,118
2024-05-24 02:45,118
2024-05-24 03:00,118
2024-05-24 03:15,118
2024-05-24 03:30,118
2024-05-24 03:45,118
2024-05-24 04:00,118
2024-05-24 04:15,118
2024-05-24 04:30,118
2024-05-24 04:45,118
2024-05-24 05:00,118
2024-05-24 05:15,118
2024-05-24 05:30,118
2024-05-24 05:45,119
2024-05-24 06:00,119
2024-05-24 06:15,119
2024-05-24 06:30,120
2024-05-24 06:45,120
2024-05-24 07:00,121
2024-05-24 07:15,121
2024-05-24 07:30,122
2024-05-24 07:45,123
2024-05-24 08:00,124
2024-05-24 08:15,125
2024-05-24 08:30,126
2024-05-24 08:45,127
2024-05-24 09:00,128
2024-05-24 09:15,129
2024-05-24 09:30,131
2024-05-24 09:45,132
2024-05-24 10:00,133
2024-05-24 10:15,135
2024-05-24 10:30,136
2024-05-24 10:45,137
2024-05-24 11:00,139
2024-05-24 11:15,140
2024-05-24 11:30,142
2024-05-24 11:45,143
2024-05-24 12:00,144
2024-05-24 12:15,145
2024-05-24 12:30,146
2024-05-24 12:45,147
2024-05-24 13:00,148
2024-05-24 13:15,149
2024-05-24 13:30,150
2024-05-24 13:45,151
2024-05-24 14:00,152
2024-05-24 14:15,153
2024-05-24 14:30,154
2024-05-24 14:45,155
2024-05-24 15:00,155
2024-05-24 15:15,156
2024-05-24 15:30,157
2024-05-24 15:45,157
2024-05-24 16:00,158
2024-05-24 16:15,158
2024-05-24 16:30,159
2024-05-24 16:45,159
2024-05-24 17:00,160
2024-05-24 17:15,160
2024-05-24 17:30,161
2024-05-24 17:45,161
2024-05-24 18:00,161
2024-05-24 18:15,162
2024-05-24 18:30,163
2024-05-24 18:45,163
2024-05-24 19:00,163
2024-05-24 19:15,164
2024-05-24 19:30,165
2024-05-24 19:45,165
2024-05-24 20:00,165
2024-05-24 20:15,166
2024-05-24 20:30,167
2024-05-24 20:45,167
2024-05-24 21:00,167
2024-05-24 21:15,168
2024-05-24 21:30,169
2024-05-24 21:45,169
2024-05-24 22:00,170
2024-05-24 22:15,170
2024-05-24 22:30,171
2024-05-24 22:45,171
2024-05-24 23:00,172
2024-05-24 23:15,172
2024-05-24 23:30,173
2024-05-24 23:45,173
2024-05-25 00:00,174
2024-05-25 00:15,174
2024-05-25 00:30,174
2024-05-25 00:45,174
2024-05-25 01:00,175
2024-05-25 01:15,175
2024-05-25 01:30,175
2024-05-25 01:45,175
2024-05-25 02:00,176
2024-05-25 02:15,176
2024-05-25 02:30,176
2024-05-25 02:45,176
2024-05-25 03:00,176
2024-05-25 03:15,176
2024-05-25 03:30,176
2024-05-25 03:45,176
2024-05-25 04:00,176
2024-05-25 04:15,176
2024-05-25 04:30,176
2024-05-25 04:45,175
2024-05-25 05:00,175
2024-05-25 05:15,175
2024-05-25 05:30,175
2024-05-25 05:45,175
2024-05-25 06:00,175
2024-05-25 06:15,175
2024-05-25 06:30,175
2024-05-25 06:45,174
2024-05-25 07:00,174
2024-05-25 07:15,174
2024-05-25 07:30,174
2024-05-25 07:45,174
2024-05-25 08:00,173
2024-05-25 08:15,173
2024-05-25 08:30,173
2024-05-25 08:45,173
2024-05-25 09:00,173
2024-05-25 09:15,173
2024-05-25 09:30,172
2024-05-25 09:45,172
2024-05-25 10:00,172
2024-05-25 10:15,172
2024-05-25 10:30,172
2024-05-25 10:45,172
2024-05-25 11:00,172
2024-05-25 11:15,172
2024-05-25 11:30,172
2024-05-25 11:45,171
2024-05-25 12:00,171
2024-05-25 12:15,171
2024-05-25 12:30,171
2024-05-25 12:45,171
2024-05-25 13:00,171
2024-05-25 13:15,171
2024-05-25 13:30,171
2024-05-25 13:45,171
2024-05-25 14:00,171
2024-05-25 14:15,171
2024-05-25 14:30,171
2024-05-25 14:45,171
2024-05-25 15:00,171
2024-05-25 15:15,171
2024-05-25 15:30,171
2024-05-25 15:45,171
2024-05-25 16:00,171
2024-05-25 16:15,171
2024-05-25 16:30,171
2024-05-25 16:45,171
2024-05-25 17:00,171
2024-05-25 17:15,171
2024-05-25 17:30,171
2024-05-25 17:45,171
2024-05-25 18:00,171
2024-05-25 18:15,171
2024-05-25 18:30,171
2024-05-25 18:45,171
2024-05-25 19:00,171
2024-05-25 19:15,171
2024-05-25 19:30,171
2024-05-25 19:45,171
2024-05-25 20:00,171
2024-05-25 20:15,171
2024-05-25 20:30,171
2024-05-25 20:45,171
2024-05-25 21:00,171
2024-05-25 21:15,171
2024-05-25 21:30,171
2024-05-25 21:45,171
2024-05-25 22:00,171
2024-05-25 22:15,171
2024-05-25 22:30,171
2024-05-25 22:45,171
2024-05-25 23:00,171
2024-05-25 23:15,171
2024-05-25 23:30,171
2024-05-25 23:45,171
2024-05-26 00:00,171
2024-05-26 00:15,171
2024-05-26 00:30,171
2024-05-26 00:45,171
2024-05-26 01:00,171
2024-05-26 01:15,171
2024-05-26 01:30,171
2024-05-26 01:45,171
2024-05-26 02:00,171
2024-05-26 02:15,171
2024-05-26 02:30,171
2024-05-26 02:45,171
2024-05-26 03:00,171
2024-05-26 03:15,171
2024-05-26 03:30,171
2024-05-26 03:45,171
2024-05-26 04:00,171
2024-05-26 04:15,171
2024-05-26 04:30,171
2024-05-26 04:45,171
2024-05-26 05:00,171
2024-05-26 05:15,171
2024-05-26 05:30,171
2024-05-26 05:45,171
2024-05-26 06:00,171
2024-05-26 06:15,171
2024-05-26 06:30,171
2024-05-26 06:45,170
2024-05-26 07:00,170
2024-05-26 07:15,170
2024-05-26 07:30,170
2024-05-26 07:45,170
2024-05-26 08:00,170
2024-05-26 08:15,170
2024-05-26 08:30,170
2024-05-26 08:45,170
2024-05-26 09:00,170
2024-05-26 09:15,170
2024-05-26 09:30,169
2024-05-26 09:45,169
2024-05-26 10:00,169
2024-05-26 10:15,169
2024-05-26 10:30,169
2024-05-26 10:45,169
2024-05-26 11:00,169
2024-05-26 11:15,169
2024-05-26 11:30,169
2024-05-26 11:45,169
2024-05-26 12:00,169
2024-05-26 12:15,169
2024-05-26 12:30,169
2024-05-26 12:45,169
2024-05-26 13:00,169
2024-05-26 13:15,169
2024-05-26 13:30,169
2024-05-26 13:45,169
2024-05-26 14:00,170
2024-05-26 14:15,170
2024-05-26 14:30,170
2024-05-26 14:45,170
2024-05-26 15:00,171
2024-05-26 15:15,171
2024-05-26 15:30,171
2024-05-26 15:45,172
2024-05-26 16:00,172
2024-05-26 16:15,173
2024-05-26 16:30,173
2024-05-26 16:45,173
2024-05-26 17:00,173
2024-05-26 17:15,174
2024-05-26 17:30,174
2024-05-26 17:45,174
2024-05-26 18:00,174
2024-05-26 18:15,174
2024-05-26 18:30,175
2024-05-26 18:45,175
2024-05-26 19:00,175
2024-05-26 19:15,175
2024-05-26 19:30,175
2024-05-26 19:45,175
2024-05-26 20:00,175
2024-05-26 20:15,175
2024-05-26 20:30,175
2024-05-26 20:45,175
2024-05-26 21:00,175
2024-05-26 21:15,174
2024-05-26 21:30,174
2024-05-26 21:45,174
2024-05-26 22:00,174
2024-05-26 22:15,174
2024-05-26 22:30,173
2024-05-26 22:45,173
2024-05-26 23:00,173
2024-05-26 23:15,173
2024-05-26 23:30,172
2024-05-26 23:45,172
2024-05-27 00:00,172
2024-05-27 00:15,171
2024-05-27 00:30,171
2024-05-27 00:45,171
2024-05-27 01:00,171
2024-05-27 01:15,170
2024-05-27 01:30,170
2024-05-27 01:45,170
2024-05-27 02:00,169
2024-05-27 02:15,169
2024-05-27 02:30,169
2024-05-27 02:45,169
2024-05-27 03:00,169
2024-05-27 03:15,169
2024-05-27 03:30,169
2024-05-27 03:45,168
2024-05-27 04:00,168
2024-05-27 04:15,168
2024-05-27 04:30,169
2024-05-27 04:45,169
2024-05-27 05:00,169
2024-05-27 05:15,169
2024-05-27 05:30,169
2024-05-27 05:45,169
2024-05-27 06:00,169
2024-05-27 06:15,169
2024-05-27 06:30,169
2024-05-27 06:45,170
2024-05-27 07:00,170
2024-05-27 07:15,170
2024-05-27 07:30,170
2024-05-27 07:45,170
2024-05-27 08:00,170
2024-05-27 08:15,171
2024-05-27 08:30,171
2024-05-27 08:45,171
2024-05-27 09:00,171
2024-05-27 09:15,172
2024-05-27 09:30,172
2024-05-27 09:45,172
2024-05-27 10:00,172
2024-05-27 10:15,172
2024-05-27 10:30,173
2024-05-27 10:45,173
2024-05-27 11:00,173
2024-05-27 11:15,173
2024-05-27 11:30,173
2024-05-27 11:45,173
2024-05-27 12:00,173
2024-05-27 12:15,174
2024-05-27 12:30,174
2024-05-27 12:45,174
2024-05-27 13:00,174
2024-05-27 13:15,174
2024-05-27 13:30,174
2024-05-27 13:45,174
2024-05-27 14:00,174
2024-05-27 14:15,174
2024-05-27 14:30,174
2024-05-27 14:45,174
2024-05-27 15:00,174
2024-05-27 15:15,174
2024-05-27 15:30,173
2024-05-27 15:45,173
2024-05-27 16:00,173
2024-05-27 16:15,173
2024-05-27 16:30,173
2024-05-27 16:45,173
2024-05-27 17:00,173
2024-05-27 17:15,173
2024-05-27 17:30,172
2024-05-27 17:45,172
2024-05-27 18:00,172
2024-05-27 18:15,172
2024-05-27 18:30,172
2024-05-27 18:45,171
2024-05-27 19:00,171
2024-05-27 19:15,171
2024-05-27 19:30,171
2024-05-27 19:45,171
2024-05-27 20:00,170
2024-05-27 20:15,170
2024-05-27 20:30,170
2024-05-27 20:45,170
2024-05-27 21:00,170
2024-05-27 21:15,169
2024-05-27 21:30,169
2024-05-27 21:45,169
2024-05-27 22:00,169
2024-05-27 22:15,169
2024-05-27 22:30,168
2024-05-27 22:45,168
2024-05-27 23:00,168
2024-05-27 23:15,168
2024-05-27 23:30,168
2024-05-27 23:45,168
2024-05-28 00:00,168
2024-05-28 00:15,168
2024-05-28 00:30,167
2024-05-28 00:45,167
2024-05-28 01:00,167
2024-05-28 01:15,167
2024-05-28 01:30,167
2024-05-28 01:45,167
2024-05-28 02:00,167
2024-05-28 02:15,167
2024-05-28 02:30,166
2024-05-28 02:45,166
2024-05-28 03:00,166
2024-05-28 03:15,166
2024-05-28 03:30,166
2024-05-28 03:45,166
2024-05-28 04:00,166
2024-05-28 04:15,166
2024-05-28 04:30,166
2024-05-28 04:45,166
2024-05-28 05:00,166
2024-05-28 05:15,166
2024-05-28 05:30,166
2024-05-28 05:45,166
2024-05-28 06:00,167
2024-05-28 06:15,167
2024-05-28 06:30,167
2024-05-28 06:45,167
2024-05-28 07:00,168
2024-05-28 07:15,168
2024-05-28 07:30,168
2024-05-28 07:45,169
2024-05-28 08:00,169
2024-05-28 08:15,169
2024-05-28 08:30,169
2024-05-28 08:45,169
2024-05-28 09:00,169
2024-05-28 09:15,169
2024-05-28 09:30,169
2024-05-28 09:45,169
2024-05-28 10:00,169
2024-05-28 10:15,169
2024-05-28 10:30,169
2024-05-28 10:45,169
2024-05-28 11:00,169
2024-05-28 11:15,169
2024-05-28 11:30,169
2024-05-28 11:45,169
2024-05-28 12:00,169
2024-05-28 12:15,169
2024-05-28 12:30,169
2024-05-28 12:45,169
2024-05-28 13:00,169
2024-05-28 13:15,169
2024-05-28 13:30,169
2024-05-28 13:45,169
2024-05-28 14:00,169
2024-05-28 14:15,169
2024-05-28 14:30,168
2024-05-28 14:45,168
2024-05-28 15:00,168
2024-05-28 15:15,168
2024-05-28 15:30,168
2024-05-28 15:45,168
2024-05-28 16:00,168
2024-05-28 16:15,168
2024-05-28 16:30,169
2024-05-28 16:45,169
2024-05-28 17:00,169
2024-05-28 17:15,169
2024-05-28 17:30,169
2024-05-28 17:45,169
2024-05-28 18:00,169
2024-05-28 18:15,169
2024-05-28 18:30,169
2024-05-28 18:45,169
2024-05-28 19:00,170
2024-05-28 19:15,170
2024-05-28 19:30,170
2024-05-28 19:45,171
2024-05-28 20:00,171
2024-05-28 20:15,171
2024-05-28 20:30,171
2024-05-28 20:45,172
2024-05-28 21:00,172
2024-05-28 21:15,172
2024-05-28 21:30,173
2024-05-28 21:45,173
2024-05-28 22:00,174
2024-05-28 22:15,174
2024-05-28 22:30,175
2024-05-28 22:45,175
2024-05-28 23:00,176
2024-05-28 23:15,176
2024-05-28 23:30,177
2024-05-28 23:45,177
2024-05-29 00:00,178
2024-05-29 00:15,179
2024-05-29 00:30,179
2024-05-29 00:45,180
2024-05-29 01:00,181
2024-05-29 01:15,181
2024-05-29 01:30,182
2024-05-29 01:45,182
2024-05-29 02:00,183
2024-05-29 02:15,183
2024-05-29 02:30,184
2024-05-29 02:45,184
2024-05-29 03:00,185
2024-05-29 03:15,185
2024-05-29 03:30,186
2024-05-29 03:45,186
2024-05-29 04:00,186
2024-05-29 04:15,186
2024-05-29 04:30,187
2024-05-29 04:45,187
2024-05-29 05:00,187
2024-05-29 05:15,187
2024-05-29 05:30,187
2024-05-29 05:45,187
2024-05-29 06:00,187
2024-05-29 06:15,187
2024-05-29 06:30,187
2024-05-29 06:45,187
2024-05-29 07:00,187
2024-05-29 07:15,187
2024-05-29 07:30,187
2024-05-29 07:45,187
2024-05-29 08:00,186
2024-05-29 08:15,186
2024-05-29 08:30,186
2024-05-29 08:45,186
2024-05-29 09:00,186
2024-05-29 09:15,186
2024-05-29 09:30,185
2024-05-29 09:45,185
2024-05-29 10:00,185
2024-05-29 10:15,185
2024-05-29 10:30,185
2024-05-29 10:45,184
2024-05-29 11:00,184
2024-05-29 11:15,184
2024-05-29 11:30,184
2024-05-29 11:45,183
2024-05-29 12:00,183
2024-05-29 12:15,183
2024-05-29 12:30,183
2024-05-29 12:45,183
2024-05-29 13:00,183
2024-05-29 13:15,183
2024-05-29 13:30,182
2024-05-29 13:45,182
2024-05-29 14:00,182
2024-05-29 14:15,182
2024-05-29 14:30,182
2024-05-29 14:45,182
2024-05-29 15:00,182
2024-05-29 15:15,182
2024-05-29 15:30,182
2024-05-29 15:45,182
2024-05-29 16:00,182
2024-05-29 16:15,182
2024-05-29 16:30,182
2024-05-29 16:45,182
2024-05-29 17:00,181
2024-05-29 17:15,181
2024-05-29 17:30,181
2024-05-29 17:45,181
2024-05-29 18:00,181
2024-05-29 18:15,181
2024-05-29 18:30,181
2024-05-29 18:45,180
2024-05-29 19:00,180
2024-05-29 19:15,180
2024-05-29 19:30,180
2024-05-29 19:45,179
2024-05-29 20:00,179
2024-05-29 20:15,179
2024-05-29 20:30,179
2024-05-29 20:45,178
2024-05-29 21:00,178
2024-05-29 21:15,178
2024-05-29 21:30,177
2024-05-29 21:45,177
2024-05-29 22:00,177
2024-05-29 22:15,177
2024-05-29 22:30,176
2024-05-29 22:45,176
2024-05-29 23:00,176
2024-05-29 23:15,175
2024-05-29 23:30,175
2024-05-29 23:45,175
2024-05-30 00:00,175
2024-05-30 00:15,174
2024-05-30 00:30,174
2024-05-30 00:45,173
2024-05-30 01:00,173
2024-05-30 01:15,173
2024-05-30 01:30,173
2024-05-30 01:45,172
2024-05-30 02:00,172
2024-05-30 02:15,172
2024-05-30 02:30,171
2024-05-30 02:45,171
2024-05-30 03:00,171
2024-05-30 03:15,170
2024-05-30 03:30,170
2024-05-30 03:45,170
2024-05-30 04:00,169
2024-05-30 04:15,169
2024-05-30 04:30,169
2024-05-30 04:45,169
2024-05-30 05:00,168
2024-05-30 05:15,168
2024-05-30 05:30,168
2024-05-30 05:45,168
2024-05-30 06:00,168
2024-05-30 06:15,168
2024-05-30 06:30,167
2024-05-30 06:45,167
2024-05-30 07:00,167
2024-05-30 07:15,167
2024-05-30 07:30,167
2024-05-30 07:45,167
2024-05-30 08:00,166
2024-05-30 08:15,166
2024-05-30 08:30,166
2024-05-30 08:45,166
2024-05-30 09:00,166
2024-05-30 09:15,166
2024-05-30 09:30,166
2024-05-30 09:45,166
2024-05-30 10:00,166
2024-05-30 10:15,166
2024-05-30 10:30,167
2024-05-30 10:45,167
2024-05-30 11:00,167
2024-05-30 11:15,167
2024-05-30 11:30,167
2024-05-30 11:45,167
2024-05-30 12:00,168
2024-05-30 12:15,168
2024-05-30 12:30,169
2024-05-30 12:45,169
2024-05-30 13:00,169
2024-05-30 13:15,170
2024-05-30 13:30,170
2024-05-30 13:45,171
2024-05-30 14:00,171
2024-05-30 14:15,172
2024-05-30 14:30,172
2024-05-30 14:45,172
2024-05-30 15:00,173
2024-05-30 15:15,173
2024-05-30 15:30,174
2024-05-30 15:45,174
2024-05-30 16:00,175
2024-05-30 16:15,175
2024-05-30 16:30,175
2024-05-30 16:45,176
2024-05-30 17:00,176
2024-05-30 17:15,176
2024-05-30 17:30,176
2024-05-30 17:45,177
2024-05-30 18:00,177
2024-05-30 18:15,177
2024-05-30 18:30,178
2024-05-30 18:45,178
2024-05-30 19:00,178
2024-05-30 19:15,179
2024-05-30 19:30,179
2024-05-30 19:45,179
2024-05-30 20:00,180
2024-05-30 20:15,180
2024-05-30 20:30,180
2024-05-30 20:45,181
2024-05-30 21:00,181
2024-05-30 21:15,181
2024-05-30 21:30,182
2024-05-30 21:45,182
2024-05-30 22:00,183
2024-05-30 22:15,183
2024-05-30 22:30,184
2024-05-30 22:45,184
2024-05-30 23:00,185
2024-05-30 23:15,185
2024-05-30 23:30,186
2024-05-30 23:45,186
2024-05-31 00:00,187
2024-05-31 00:15,187
2024-05-31 00:30,187
2024-05-31 00:45,188
2024-05-31 01:00,188
2024-05-31 01:15,189
2024-05-31 01:30,189
2024-05-31 01:45,190
2024-05-31 02:00,190
2024-05-31 02:15,190
2024-05-31 02:30,191
2024-05-31 02:45,191
2024-05-31 03:00,191
2024-05-31 03:15,192
2024-05-31 03:30,192
2024-05-31 03:45,193
2024-05-31 04:00,193
2024-05-31 04:15,193
2024-05-31 04:30,194
2024-05-31 04:45,194
2024-05-31 05:00,194
2024-05-31 05:15,195
2024-05-31 05:30,195
2024-05-31 05:45,195
2024-05-31 06:00,196
2024-05-31 06:15,196
2024-05-31 06:30,197
2024-05-31 06:45,197
2024-05-31 07:00,197
2024-05-31 07:15,198
2024-05-31 07:30,198
2024-05-31 07:45,199
2024-05-31 08:00,200
2024-05-31 08:15,200
2024-05-31 08:30,201
2024-05-31 08:45,201
2024-05-31 09:00,202
2024-05-31 09:15,203
2024-05-31 09:30,203
2024-05-31 09:45,204
2024-05-31 10:00,205
2024-05-31 10:15,205
2024-05-31 10:30,206
2024-05-31 10:45,206
2024-05-31 11:00,207
2024-05-31 11:15,208
2024-05-31 11:30,208
2024-05-31 11:45,208
2024-05-31 12:00,209
2024-05-31 12:15,210
2024-05-31 12:30,210
2024-05-31 12:45,210
2024-05-31 13:00,211
2024-05-31 13:15,211
2024-05-31 13:30,212
2024-05-31 13:45,212
2024-05-31 14:00,212
2024-05-31 14:15,212
2024-05-31 14:30,213
2024-05-31 14:45,213
2024-05-31 15:00,213
2024-05-31 15:15,213
2024-05-31 15:30,213
2024-05-31 15:45,213
2024-05-31 16:00,213
2024-05-31 16:15,213
2024-05-31 16:30,213
2024-05-31 16:45,213
2024-05-31 17:00,213
2024-05-31 17:15,213
2024-05-31 17:30,213
2024-05-31 17:45,213
2024-05-31 18:00,213
2024-05-31 18:15,213
2024-05-31 18:30,213
2024-05-31 18:45,214
2024-05-31 19:00,214
2024-05-31 19:15,214
2024-05-31 19:30,214
2024-05-31 19:45,214
2024-05-31 20:00,214
2024-05-31 20:15,214
2024-05-31 20:30,214
2024-05-31 20:45,214
2024-05-31 21:00,214
2024-05-31 21:15,214
2024-05-31 21:30,214
2024-05-31 21:45,214
2024-05-31 22:00,214
2024-05-31 22:15,214
2024-05-31 22:30,214
2024-05-31 22:45,213
2024-05-31 23:00,213
2024-05-31 23:15,213
2024-05-31 23:30,213
2024-05-31 23:45,212
2024-06-01 00:00,212
2024-06-01 00:15,212
2024-06-01 00:30,212
2024-06-01 00:45,212
2024-06-01 01:00,212
2024-06-01 01:15,211
2024-06-01 01:30,211
2024-06-01 01:45,211
2024-06-01 02:00,211
2024-06-01 02:15,211
2024-06-01 02:30,211
2024-06-01 02:45,211
2024-06-01 03:00,210
2024-06-01 03:15,210
2024-06-01 03:30,210
2024-06-01 03:45,210
2024-06-01 04:00,210
2024-06-01 04:15,210
2024-06-01 04:30,210
2024-06-01 04:45,210
2024-06-01 05:00,210
2024-06-01 05:15,210
2024-06-01 05:30,209
2024-06-01 05:45,209
2024-06-01 06:00,209
2024-06-01 06:15,209
2024-06-01 06:30,209
2024-06-01 06:45,209
2024-06-01 07:00,209
2024-06-01 07:15,209
2024-06-01 07:30,209
2024-06-01 07:45,209
2024-06-01 08:00,209
2024-06-01 08:15,209
2024-06-01 08:30,209
2024-06-01 08:45,209
2024-06-01 09:00,209
2024-06-01 09:15,209
2024-06-01 09:30,209
2024-06-01 09:45,210
2024-06-01 10:00,210
2024-06-01 10:15,210
2024-06-01 10:30,210
2024-06-01 10:45,210
2024-06-01 11:00,210
2024-06-01 11:15,210
2024-06-01 11:30,211
2024-06-01 11:45,211
2024-06-01 12:00,211
2024-06-01 12:15,211
2024-06-01 12:30,211
2024-06-01 12:45,212
2024-06-01 13:00,212
2024-06-01 13:15,212
2024-06-01 13:30,213
2024-06-01 13:45,213
2024-06-01 14:00,213
2024-06-01 14:15,213
2024-06-01 14:30,214
2024-06-01 14:45,214
2024-06-01 15:00,215
2024-06-01 15:15,215
2024-06-01 15:30,215
2024-06-01 15:45,216
2024-06-01 16:00,217
2024-06-01 16:15,217
2024-06-01 16:30,217
2024-06-01 16:45,218
2024-06-01 17:00,218
2024-06-01 17:15,218
2024-06-01 17:30,219
2024-06-01 17:45,219
2024-06-01 18:00,219
2024-06-01 18:15,220
2024-06-01 18:30,220
2024-06-01 18:45,221
2024-06-01 19:00,221
2024-06-01 19:15,221
2024-06-01 19:30,222
2024-06-01 19:45,222
2024-06-01 20:00,223
2024-06-01 20:15,223
2024-06-01 20:30,223
2024-06-01 20:45,224
2024-06-01 21:00,224
2024-06-01 21:15,224
2024-06-01 21:30,225
2024-06-01 21:45,225
2024-06-01 22:00,225
2024-06-01 22:15,225
2024-06-01 22:30,226
2024-06-01 22:45,226
2024-06-01 23:00,226
2024-06-01 23:15,226
2024-06-01 23:30,227
2024-06-01 23:45,227
2024-06-02 00:00,227
2024-06-02 00:15,227
2024-06-02 00:30,228
2024-06-02 00:45,228
2024-06-02 01:00,228
2024-06-02 01:15,228
2024-06-02 01:30,228
2024-06-02 01:45,228
2024-06-02 02:00,229
2024-06-02 02:15,229
2024-06-02 02:30,229
2024-06-02 02:45,229
2024-06-02 03:00,229
2024-06-02 03:15,229
2024-06-02 03:30,229
2024-06-02 03:45,229
2024-06-02 04:00,230
2024-06-02 04:15,230
2024-06-02 04:30,230
2024-06-02 04:45,230
2024-06-02 05:00,230
2024-06-02 05:15,230
2024-06-02 05:30,230
2024-06-02 05:45,230
2024-06-02 06:00,231
2024-06-02 06:15,231
2024-06-02 06:30,231
2024-06-02 06:45,231
2024-06-02 07:00,232
2024-06-02 07:15,232
2024-06-02 07:30,232
2024-06-02 07:45,233
2024-06-02 08:00,233
2024-06-02 08:15,233
2024-06-02 08:30,234
2024-06-02 08:45,234
2024-06-02 09:00,235
2024-06-02 09:15,236
2024-06-02 09:30,236
2024-06-02 09:45,236
2024-06-02 10:00,237
2024-06-02 10:15,237
2024-06-02 10:30,238
2024-06-02 10:45,239
2024-06-02 11:00,239
2024-06-02 11:15,240
2024-06-02 11:30,240
2024-06-02 11:45,241
2024-06-02 12:00,241
2024-06-02 12:15,242
2024-06-02 12:30,242
2024-06-02 12:45,243
2024-06-02 13:00,243
2024-06-02 13:15,244
2024-06-02 13:30,244
2024-06-02 13:45,245
2024-06-02 14:00,245
2024-06-02 14:15,245
2024-06-02 14:30,246
2024-06-02 14:45,246
2024-06-02 15:00,246
2024-06-02 15:15,247
2024-06-02 15:30,247
2024-06-02 15:45,248
2024-06-02 16:00,248
2024-06-02 16:15,248
2024-06-02 16:30,249
2024-06-02 16:45,249
2024-06-02 17:00,250
2024-06-02 17:15,250
2024-06-02 17:30,251
2024-06-02 17:45,251
2024-06-02 18:00,251
2024-06-02 18:15,251
2024-06-02 18:30,251
2024-06-02 18:45,251
2024-06-02 19:00,251
2024-06-02 19:15,251
2024-06-02 19:30,251
2024-06-02 19:45,251
2024-06-02 20:00,251
2024-06-02 20:15,251
2024-06-02 20:30,251
2024-06-02 20:45,251
2024-06-02 21:00,251
2024-06-02 21:15,251
2024-06-02 21:30,251
2024-06-02 21:45,251
2024-06-02 22:00,251
2024-06-02 22:15,251
2024-06-02 22:30,251
2024-06-02 22:45,251
2024-06-02 23:00,251
2024-06-02 23:15,251
2024-06-02 23:30,252
2024-06-02 23:45,252
2024-06-03 00:00,252
2024-06-03 00:15,252
2024-06-03 00:30,253
2024-06-03 00:45,253
2024-06-03 01:00,253
2024-06-03 01:15,253
2024-06-03 01:30,254
2024-06-03 01:45,254
2024-06-03 02:00,254
2024-06-03 02:15,254
2024-06-03 02:30,254
2024-06-03 02:45,254
2024-06-03 03:00,255
2024-06-03 03:15,255
2024-06-03 03:30,255
2024-06-03 03:45,256
2024-06-03 04:00,256
2024-06-03 04:15,256
2024-06-03 04:30,257
2024-06-03 04:45,257
2024-06-03 05:00,258
2024-06-03 05:15,258
2024-06-03 05:30,259
2024-06-03 05:45,259
2024-06-03 06:00,260
2024-06-03 06:15,260
2024-06-03 06:30,261
2024-06-03 06:45,262
2024-06-03 07:00,262
2024-06-03 07:15,263
2024-06-03 07:30,263
2024-06-03 07:45,264
2024-06-03 08:00,265
2024-06-03 08:15,265
2024-06-03 08:30,266
2024-06-03 08:45,266
2024-06-03 09:00,267
2024-06-03 09:15,267
2024-06-03 09:30,268
2024-06-03 09:45,268
2024-06-03 10:00,268
2024-06-03 10:15,269
2024-06-03 10:30,269
2024-06-03 10:45,269
2024-06-03 11:00,270
2024-06-03 11:15,270
2024-06-03 11:30,270
2024-06-03 11:45,270
2024-06-03 12:00,271
2024-06-03 12:15,271
2024-06-03 12:30,271
2024-06-03 12:45,272
2024-06-03 13:00,272
2024-06-03 13:15,272
2024-06-03 13:30,272
2024-06-03 13:45,272
2024-06-03 14:00,273
2024-06-03 14:15,273
2024-06-03 14:30,273
2024-06-03 14:45,273
2024-06-03 15:00,273
2024-06-03 15:15,273
2024-06-03 15:30,273
2024-06-03 15:45,273
2024-06-03 16:00,273
2024-06-03 16:15,273
2024-06-03 16:30,273
2024-06-03 16:45,273
2024-06-03 17:00,273
2024-06-03 17:15,273
2024-06-03 17:30,273
2024-06-03 17:45,273
2024-06-03 18:00,272
2024-06-03 18:15,272
2024-06-03 18:30,272
2024-06-03 18:45,272
2024-06-03 19:00,272
2024-06-03 19:15,271
2024-06-03 19:30,271
2024-06-03 19:45,271
2024-06-03 20:00,271
2024-06-03 20:15,270
2024-06-03 20:30,270
2024-06-03 20:45,270
2024-06-03 21:00,269
2024-06-03 21:15,269
2024-06-03 21:30,269
2024-06-03 21:45,268
2024-06-03 22:00,268
2024-06-03 22:15,268
2024-06-03 22:30,267
2024-06-03 22:45,267
2024-06-03 23:00,267
2024-06-03 23:15,267
2024-06-03 23:30,267
2024-06-03 23:45,266
2024-06-04 00:00,266